Country Name,Year,Exports_GDP_percent,GDP growth (annual %),GDP_per_capita,Imports_GDP_percent,"Inflation, consumer prices (annual %)",Population_growth_percent,"Unemployment, total (% of total labor force) (national estimate)",Group,x,y
American Samoa,2015,63.59583952,3.149606299,12387.00405,98.81129272,,-1.105856451,,Group C: Emerging / High-growth,558995.241,-1625876.591
American Samoa,2016,63.93442623,-1.679389313,12326.53842,95.23099851,,-1.204318086,,Group C: Emerging / High-growth,1523516.468,879198.916
American Samoa,2017,59.1503268,-6.98757764,11611.67759,102.2875817,,-1.269387464,,Group C: Emerging / High-growth,1739513.927,827735.7171
American Samoa,2018,68.23161189,2.671118531,12080.61601,103.599374,,-1.323023571,,Group C: Emerging / High-growth,1800171.153,779708.3623
American Samoa,2019,61.66924266,-0.487804878,12189.04977,94.89953632,,-1.382578863,,Group C: Emerging / High-growth,1859406.817,832702.562
American Samoa,2020,59.22330097,4.411764706,12841.38181,95.14563107,,-0.89627488,,Group C: Emerging / High-growth,1778312.276,872497.4072
American Samoa,2021,44.26666667,-0.782472613,12879.63433,92.53333333,,-1.082992017,,Group C: Emerging / High-growth,1749745.612,943118.6239
American Samoa,2022,46.95752009,1.735015773,13342.43515,77.72675086,,-1.81008765,,Group C: Emerging / High-growth,1848558.94,1066139.42
American Samoa,2023,,,,,,-1.712902942,,Group B: Transitional / Mixed,-1.331160351,-0.975841751
American Samoa,2024,,,,,,-1.603665872,,Group B: Transitional / Mixed,0.494131584,1.411420082
Australia,2015,20.06612629,2.190169287,88732.80331,21.59780564,1.508366722,1.439216653,6.055,Group C: Emerging / High-growth,455799.594,-1343379.075
Australia,2016,19.27874425,2.759385972,89768.15131,21.69533522,1.276990945,1.561940498,5.711,Group C: Emerging / High-growth,1265371.955,724790.2344
Australia,2017,21.25661748,2.279591798,90314.85422,20.94711419,1.948647409,1.646827797,5.592,Group C: Emerging / High-growth,1404526.283,658884.4401
Australia,2018,21.89409054,2.878469715,91534.88699,21.84197454,1.911400944,1.49599671,5.345,Group C: Emerging / High-growth,1479700.902,620588.0457
Australia,2019,24.159678,2.171545057,92150.97826,22.0278239,1.610767873,1.477490711,5.143,Group C: Emerging / High-growth,1524164.337,666465.9328
Australia,2020,24.02673916,-0.119590736,90912.48991,20.63771691,0.846905537,1.233428251,6.394,Group C: Emerging / High-growth,1460539.432,708175.3866
Australia,2021,22.05667598,2.111168148,92701.10209,18.24580429,2.863910422,0.140895083,5.023,Group C: Emerging / High-growth,1433838.742,758662.1114
Australia,2022,25.53158803,4.242385553,95411.77561,20.2901822,6.594096713,1.272698814,3.728,Group C: Emerging / High-growth,1494356.559,864142.7723
Australia,2023,26.79924113,3.4419922,96331.91318,22.42594293,5.597014925,2.424315539,3.668,Group C: Emerging / High-growth,1563051.61,946860.5926
Australia,2024,24.70520931,1.43111252,95727.81783,22.60901971,3.161614283,2.050041134,,Group B: Transitional / Mixed,-666360.5774,-1722062.267
Brunei Darussalam,2015,52.2130113,-0.392383488,44047.45708,37.68317708,-0.488347421,1.302103593,,Group C: Emerging / High-growth,499819.9101,-1466269.78
Brunei Darussalam,2016,49.57777733,-2.477917765,42418.29887,37.74202392,-0.278693266,1.259642722,,Group C: Emerging / High-growth,1378468.169,793870.5979
Brunei Darussalam,2017,49.57330652,1.328726513,42464.67545,35.6035539,-1.260505646,1.210704566,9.316,Group C: Emerging / High-growth,1421962.019,663456.209
Brunei Darussalam,2018,51.93323975,0.052371054,41998.00604,41.96482195,1.025051793,1.157399588,8.7,Group C: Emerging / High-growth,1497339.044,624029.3575
Brunei Darussalam,2019,57.94604061,3.868844164,43142.94093,50.56361788,-0.390522069,1.106213509,6.6,Group C: Emerging / High-growth,1542951.942,671283.872
Brunei Darussalam,2020,57.35611137,1.133573406,43171.30111,52.9348922,1.940319966,1.061482816,7.409,Group C: Emerging / High-growth,1478123.559,712338.0253
Brunei Darussalam,2021,80.16891083,-1.590762481,42078.5326,66.95420158,1.733413885,0.960274305,4.905,Group C: Emerging / High-growth,1450260.335,760761.4195
Brunei Darussalam,2022,86.38935701,-1.62833154,41061.6587,60.58460908,3.682250306,0.804554269,5.191,Group C: Emerging / High-growth,1510989.303,866870.1092
Brunei Darussalam,2023,76.70320243,1.127644192,41200.86813,60.16023187,0.357064312,0.782881747,5.296,Group C: Emerging / High-growth,1576861.697,952500.7437
Brunei Darussalam,2024,74.29828444,4.200372735,42581.49034,58.9249341,-0.388674165,0.818518789,,Group B: Transitional / Mixed,-671322.7194,-1734443.45
Cambodia,2015,55.98122031,7.207034725,6106675.539,66.1283765,1.223931955,1.46023763,0.393,Group B: Transitional / Mixed,-187748.2808,844172.2169
Cambodia,2016,56.43183772,7.905501161,6494022.351,66.27271788,3.019139751,1.458607676,0.716,Group B: Transitional / Mixed,-873180.2962,-370613.4486
Cambodia,2017,56.30005367,8.075039155,6922106.029,64.85539763,2.912635574,1.381765961,0.141,Group B: Transitional / Mixed,-1122444.947,-162375.5395
Cambodia,2018,55.47139736,8.776223762,7436541.049,62.96625806,2.459085154,1.243682774,,Group B: Transitional / Mixed,-1422677.696,270356.6185
Cambodia,2019,55.44686797,7.936950136,7926067.996,60.2898111,1.942575008,1.26258301,0.499,Group B: Transitional / Mixed,-1436266.32,-105391.8939
Cambodia,2020,59.92179794,-3.555721934,7532643.186,62.18359841,2.940295143,1.470629886,0.172,Group B: Transitional / Mixed,-1320173.158,-108381.7523
Cambodia,2021,72.36103464,3.089842842,7651555.036,73.81881187,2.920734776,1.476778362,0.396,Group B: Transitional / Mixed,-1326633.431,-201397.2201
Cambodia,2022,72.20706068,5.129901108,7937723.899,73.66657208,5.343702649,1.330888131,,Group B: Transitional / Mixed,-1476248.493,109604.2407
Cambodia,2023,66.89266606,5.007330438,8228917.534,67.31417634,2.127467966,1.283206776,,Group B: Transitional / Mixed,-1091075.935,-224240.9848
Cambodia,2024,71.36358417,6.015814574,8617656.428,72.08342554,,1.225939863,,Group C: Emerging / High-growth,250101.8967,981742.4967
China,2015,20.93906422,6.978780027,56703.23536,17.75812061,1.437023809,0.581456147,,Group C: Emerging / High-growth,499205.5243,-1462060.267
China,2016,19.20365074,6.775555628,60199.23205,16.97351996,2.000001822,0.573050906,,Group C: Emerging / High-growth,1373374.946,792512.3932
China,2017,19.33563017,6.891266362,63959.43633,17.61522245,1.593136001,0.605245013,3.9,Group C: Emerging / High-growth,1414133.165,661362.8371
China,2018,18.7705198,6.756718002,67962.40949,18.12386459,2.0747904,0.467672053,4.93,Group C: Emerging / High-growth,1488161.938,622246.2775
China,2019,18.05570696,6.068502351,71831.44191,17.14371331,2.899234164,0.35474089,5.15,Group C: Emerging / High-growth,1531974.107,668386.8222
China,2020,18.20358217,2.340188431,73337.65148,15.83536862,2.419421895,0.23804087,5.61,Group C: Emerging / High-growth,1467032.684,709637.9436
China,2021,19.52624222,8.570085132,79551.71729,16.99444895,0.981015136,0.0892522,5.11,Group C: Emerging / High-growth,1438104.377,759141.275
China,2022,20.29773169,3.134188872,82055.76655,17.14298818,1.973575557,-0.013099501,,Group C: Emerging / High-growth,1643567.635,944262.1979
China,2023,19.10247172,5.414843301,86588.78553,17.00272065,0.234836829,-0.103794532,,Group C: Emerging / High-growth,1672477.559,1041832.834
China,2024,20.02291664,4.977356592,91010.54995,17.1755035,0.218128938,-0.123063407,,Group B: Transitional / Mixed,-666793.6654,-1723226.975
Fiji,2015,48.83675558,4.50120041,10428.792,52.35229338,1.374885426,0.108160343,,Group C: Emerging / High-growth,501637.9485,-1477261.789
Fiji,2016,46.64724139,2.445651797,10677.00938,50.5272492,3.863225382,0.063991505,4.32,Group C: Emerging / High-growth,1288777.368,731824.415
Fiji,2017,46.01556504,5.35336456,11253.57161,51.00609749,3.347578348,-0.044289077,,Group C: Emerging / High-growth,1569610.052,734719.3759
Fiji,2018,47.74879577,3.812351222,11702.70983,55.48662417,4.081476376,-0.172010115,,Group C: Emerging / High-growth,1618233.909,690846.4668
Fiji,2019,48.46090215,-0.581946709,11663.61336,58.95056199,1.773101825,-0.249006858,,Group C: Emerging / High-growth,1670005.082,741223.9643
Fiji,2020,27.82957341,-17.03866737,9675.612238,44.51400237,-2.595243259,0.006995063,,Group C: Emerging / High-growth,1597512.704,780449.5133
Fiji,2021,27.25332827,-4.881036196,9185.793014,54.47188033,0.155855722,0.190863716,,Group C: Emerging / High-growth,1570913.449,844882.568
Fiji,2022,48.17411538,19.79272669,10971.46588,69.33244426,4.320118562,0.295294728,,Group C: Emerging / High-growth,1664812.393,949080.0498
Fiji,2023,56.96641605,7.524291351,11736.70041,69.2127623,2.344082966,0.5123774,,Group C: Emerging / High-growth,1692741.234,1052348.593
Fiji,2024,,3.828998887,12125.2326,,4.511382565,0.500721797,,Group B: Transitional / Mixed,-717339.722,-1972966.251
French Polynesia,2015,19.61376507,1.803340815,1865867.001,36.01670356,,0.533692559,,Group C: Emerging / High-growth,1119095.321,-1054230.793
French Polynesia,2016,19.61263411,2.302198237,1899852.424,34.00386083,,0.471058813,,Group C: Emerging / High-growth,938410.7158,1399842.569
French Polynesia,2017,19.55695843,4.292633631,1974975.633,35.02073207,,0.325069797,,Group C: Emerging / High-growth,1123057.58,1434891.694
French Polynesia,2018,20.97916875,1.871231911,2013887.747,44.0354941,,-0.097159868,,Group C: Emerging / High-growth,1153749.876,1396756.811
French Polynesia,2019,20.59235903,2.700012067,2074051.908,42.71375337,,-0.279503232,,Group C: Emerging / High-growth,1248307.474,1499474.892
French Polynesia,2020,9.499728476,-7.050944221,1926603.369,36.33345496,,0.062696713,,Group C: Emerging / High-growth,1272792.521,1508906.361
French Polynesia,2021,13.10280139,2.094529907,1962858.123,38.53480704,,0.208586465,,Group C: Emerging / High-growth,1295622.242,1599985.895
French Polynesia,2022,21.09682259,4.4663797,2046241.146,46.13414366,,0.209222277,,Group C: Emerging / High-growth,1331855.046,1739985.63
French Polynesia,2023,23.07255682,2.996927078,2102017.658,45.6355357,,0.263581728,,Group C: Emerging / High-growth,1145845.706,1535208.77
French Polynesia,2024,,,,,,0.244792945,,Group B: Transitional / Mixed,0.13442131,0.365125166
Guam,2015,18.07208139,0.825688073,33322.21582,53.26780479,,-0.351704858,6.9,Group C: Emerging / High-growth,505327.5469,-1489730.346
Guam,2016,18.96288765,0.181983621,33519.45102,51.44890696,,-0.408339927,5.4,Group C: Emerging / High-growth,1399621.813,797375.227
Guam,2017,18.97555297,0.890099909,33971.49673,50.29103609,,-0.453432486,,Group C: Emerging / High-growth,1733784.975,826435.7817
Guam,2018,19.25301603,-0.828231905,33858.08863,53.71013056,,-0.49728924,,Group C: Emerging / High-growth,1794592.032,778863.3334
Guam,2019,22.2501967,2.523602033,34899.38693,55.81431943,,-0.536848682,,Group C: Emerging / High-growth,1854181.778,832027.2951
Guam,2020,6.406355646,-10.51885957,31160.96646,57.26842461,,0.216072141,,Group C: Emerging / High-growth,1773903.227,872025.9871
Guam,2021,3.095925569,2.058183257,31496.97673,58.74238049,,0.964756108,,Group C: Emerging / High-growth,1746629.647,943197.7443
Guam,2022,7.887120116,5.099864262,32812.68919,63.97973951,,0.881705873,,Group C: Emerging / High-growth,1844746.892,1065811.254
Guam,2023,,,,,,0.799555642,,Group B: Transitional / Mixed,-0.463296146,-0.300586787
Guam,2024,,,,,,0.760437189,,Group B: Transitional / Mixed,0.127128925,0.19730044
"Hong Kong SAR, China",2015,195.8976016,2.387783395,374870.0506,193.5083476,2.990848193,0.851197911,3.314,Group C: Emerging / High-growth,443312.7813,-1238134.555
"Hong Kong SAR, China",2016,187.0051289,2.175436928,380660.115,184.7221029,2.409307439,0.619366345,3.392,Group C: Emerging / High-growth,1167873.404,694491.3296
"Hong Kong SAR, China",2017,188.9023996,3.796113581,392085.5651,187.8932671,1.493872439,0.768513878,3.124,Group C: Emerging / High-growth,1290616.812,635076.6135
"Hong Kong SAR, China",2018,188.339507,2.846934576,400033.9479,188.5532665,2.40613432,0.800230597,2.805,Group C: Emerging / High-growth,1361147.035,600979.4667
"Hong Kong SAR, China",2019,177.6513152,-1.672395165,390446.5963,176.092206,2.883208538,0.739283471,2.917,Group C: Emerging / High-growth,1407393.868,648992.1794
"Hong Kong SAR, China",2020,176.3044824,-6.544783202,366204.7855,174.3752226,0.250962021,-0.358932662,5.808,Group C: Emerging / High-growth,1356851.458,694241.9527
"Hong Kong SAR, China",2021,204.0142637,6.454424733,393411.9329,198.4454177,1.568758344,-0.911776749,5.174,Group C: Emerging / High-growth,1333618.385,751326.8495
"Hong Kong SAR, China",2022,194.486518,-3.683751417,382375.5462,190.3946252,1.881367072,-0.907914524,4.318,Group C: Emerging / High-growth,1397961.113,847215.6856
"Hong Kong SAR, China",2023,176.7861614,3.214489017,384716.6306,176.1996869,2.096605112,2.553524667,2.949,Group C: Emerging / High-growth,1480924.225,910791.0011
"Hong Kong SAR, China",2024,181.7290123,2.541197539,395122.2073,177.6731645,1.729721191,-0.159360467,,Group B: Transitional / Mixed,-635312.384,-1644292.84
Indonesia,2015,21.16017926,4.8763223,34310706.14,20.77746098,6.363121131,1.122339818,4.514,Group A: High-GDP / Developed,-4496417.863,10864325.63
Indonesia,2016,19.08899385,5.033069183,35652440.97,18.33234795,3.525805157,1.0744882,4.301,Group A: High-GDP / Developed,-10165946.47,-6676900.677
Indonesia,2017,20.17730444,5.069785901,37078930.31,19.17819264,3.80879807,1.022329398,3.783,Group A: High-GDP / Developed,-10754126.54,-7369511.845
Indonesia,2018,21.0027465,5.17429154,38621154.31,22.07156246,3.198346416,0.96974341,4.387,Group A: High-GDP / Developed,-11270508.32,-7918856.218
Indonesia,2019,18.5915278,5.01928768,40181952.63,19.03624974,3.03058665,0.935604959,3.59,Group A: High-GDP / Developed,-11570277.03,-8228417.281
Indonesia,2020,17.33116828,-2.065511829,39018992.88,15.64100712,1.920968006,0.849801187,4.255,Group A: High-GDP / Developed,-11089991.71,-8254039.764
Indonesia,2021,21.41655564,3.702885628,40179715.02,18.78820264,1.560129905,0.704601322,3.827,Group A: High-GDP / Developed,-11373306.14,-8821301.278
Indonesia,2022,24.50291169,5.307197227,41997636.49,20.96175851,4.209463834,0.74605047,3.462,Group A: High-GDP / Developed,-11631411.33,-9394092.151
Indonesia,2023,21.7538472,5.049023318,43747900.6,19.58243967,3.670131424,0.842666137,3.308,Group A: High-GDP / Developed,-11039538.58,-8864760.36
Indonesia,2024,22.18331287,5.030344694,45576126.13,20.38933443,,0.813871513,,Group C: Emerging / High-growth,2641300.932,14247342.38
Japan,2015,17.43675984,1.560626697,4313243.367,17.99064852,0.795279631,-0.106124994,3.385,Group B: Transitional / Mixed,84054.17082,201663.9764
Japan,2016,16.05796924,0.753826746,4347980.626,15.25227761,-0.127258844,-0.051137415,3.132,Group B: Transitional / Mixed,-178968.3616,87671.0671
Japan,2017,17.5914391,1.675331752,4424444.726,16.83177447,0.484199796,-0.081874296,2.822,Group B: Transitional / Mixed,-232473.5718,317650.7674
Japan,2018,18.3149456,0.643391024,4458564.649,18.2949862,0.989094598,-0.126880068,2.467,Group B: Transitional / Mixed,-206342.0559,420272.7562
Japan,2019,17.46352643,-0.402169201,4446875.593,17.75289168,0.468776159,-0.140464978,2.351,Group B: Transitional / Mixed,-144533.27,492697.9715
Japan,2020,15.53318286,-4.168764571,4274051.37,15.80202577,-0.024995834,-0.294194618,2.809,Group B: Transitional / Mixed,-126358.8088,503116.1321
Japan,2021,18.10919194,2.696574042,4409539.541,18.62925429,-0.233352779,-0.459952416,2.809,Group B: Transitional / Mixed,-144869.3836,428838.669
Japan,2022,21.54642412,0.941998775,4470877.451,25.26656271,2.497702782,-0.443851919,2.615,Group B: Transitional / Mixed,-122253.548,514970.827
Japan,2023,21.85159124,1.475034811,4558989.576,23.29928832,3.268133659,-0.487370782,2.6,Group B: Transitional / Mixed,189599.8002,167562.2189
Japan,2024,,0.083698564,4582726.686,,2.738536816,-0.435651699,,Group C: Emerging / High-growth,725200.4019,-950761.8686
Kiribati,2015,13.95745125,11.26532094,2250.682703,95.93164715,0.572015744,1.282858625,9.335,Group C: Emerging / High-growth,458287.0451,-1369845.452
Kiribati,2016,16.61728055,7.088034658,2376.381269,94.65251019,1.917310902,1.413580252,,Group C: Emerging / High-growth,1388938.956,797350.7719
Kiribati,2017,13.25630874,3.749117826,2428.638537,87.30493822,0.355520889,1.505349825,,Group C: Emerging / High-growth,1572185.525,735130.2476
Kiribati,2018,8.190350189,3.479439721,2475.902657,72.92718868,0.564030491,1.492854481,,Group C: Emerging / High-growth,1620936.131,691047.9943
Kiribati,2019,14.97966682,3.264287565,2518.822476,81.61064391,-1.813079953,1.49349334,8.557,Group C: Emerging / High-growth,1555668.989,673438.547
Kiribati,2020,9.578726145,-1.468067181,2438.977696,67.13022997,2.553245544,1.742304693,10.971,Group C: Emerging / High-growth,1490856.738,714329.7131
Kiribati,2021,3.767046025,8.479737871,2598.847978,70.75120355,2.053616768,1.790393476,,Group C: Emerging / High-growth,1572315.176,844900.3439
Kiribati,2022,7.606580759,4.566325931,2673.945883,100.5370798,5.345954409,1.616440317,,Group C: Emerging / High-growth,1666777.024,948862.0443
Kiribati,2023,5.92034144,2.652010875,2702.173375,101.6665974,9.283073745,1.567338424,,Group C: Emerging / High-growth,1694611.924,1052844.125
Kiribati,2024,6.270950724,5.266899264,2802.456224,94.8799201,,1.488898419,,Group B: Transitional / Mixed,-763818.0585,-1925971.483
"Korea, Dem. People's Rep.",2015,,,,,,0.486366779,,Group B: Transitional / Mixed,-0.235693695,0.616260612
"Korea, Dem. People's Rep.",2016,,,,,,0.479685661,,Group B: Transitional / Mixed,-0.531618814,-0.332913065
"Korea, Dem. People's Rep.",2017,,,,,,0.463479822,,Group B: Transitional / Mixed,-0.575757737,-0.332432509
"Korea, Dem. People's Rep.",2018,,,,,,0.438418123,,Group B: Transitional / Mixed,-0.605653241,-0.338510684
"Korea, Dem. People's Rep.",2019,,,,,,0.409804314,,Group B: Transitional / Mixed,-0.62918147,-0.354624617
"Korea, Dem. People's Rep.",2020,,,,,,0.37827356,,Group B: Transitional / Mixed,-0.552456039,-0.342198221
"Korea, Dem. People's Rep.",2021,,,,,,0.367478437,,Group B: Transitional / Mixed,-0.579794169,-0.380158604
"Korea, Dem. People's Rep.",2022,,,,,,0.366471008,,Group B: Transitional / Mixed,-0.591629538,-0.41599883
"Korea, Dem. People's Rep.",2023,,,,,,0.338821175,,Group B: Transitional / Mixed,-0.498334921,-0.363235822
"Korea, Dem. People's Rep.",2024,,,,,,0.304699893,,Group B: Transitional / Mixed,0.130429239,0.342147867
"Korea, Rep.",2015,42.98956153,2.809103268,32500678.67,36.14293286,0.706331772,0.527288497,3.546,Group A: High-GDP / Developed,-4231675.512,10216648.11
"Korea, Rep.",2016,40.13265091,2.946881715,33325917.94,33.47115855,0.97168574,0.396851823,3.65,Group A: High-GDP / Developed,-9419362,-6181360.827
"Korea, Rep.",2017,40.93420694,3.15963574,34282437.43,36.18671087,1.944332308,0.280968018,3.653,Group A: High-GDP / Developed,-9926801.649,-6605396.212
"Korea, Rep.",2018,41.71329084,2.907403774,35126555.45,37.27557467,1.47583935,0.433519028,3.824,Group A: High-GDP / Developed,-10319475.99,-6808036.55
"Korea, Rep.",2019,39.27586107,2.24397786,35790066.08,36.4812779,0.383000304,0.347874969,3.746,Group A: High-GDP / Developed,-10404838.89,-6819069.606
"Korea, Rep.",2020,36.35959055,-0.709415359,35487206.16,32.67445454,0.537288023,0.137869266,3.931,Group A: High-GDP / Developed,-10174668.94,-7096943.843
"Korea, Rep.",2021,41.8772295,4.304734819,37062526.29,38.32222742,2.498333333,-0.128757315,3.639,Group A: High-GDP / Developed,-10560473.38,-7799371.419
"Korea, Rep.",2022,48.27176422,2.612672192,38102218.22,48.26464507,5.089513651,-0.187486567,2.857,Group A: High-GDP / Developed,-10548801.51,-8231737.369
"Korea, Rep.",2023,43.99566987,1.356733243,38589254.2,43.94400932,3.59745625,0.077477253,2.675,Group A: High-GDP / Developed,-9747783.368,-7418919.35
"Korea, Rep.",2024,,,,,2.321743286,0.074317867,,Group B: Transitional / Mixed,-0.187174468,0.057178577
Lao PDR,2015,33.95225731,7.270065844,14962262.81,51.8460644,1.277354271,1.458364749,,Group B: Transitional / Mixed,-933753.1898,4331703.614
Lao PDR,2016,33.20942746,7.022836255,15764672.37,41.88246346,1.596912276,1.563175613,,Group A: High-GDP / Developed,-4452702.492,-1553649.358
Lao PDR,2017,,6.892530873,16588709.24,,0.825478608,1.570297226,3.269,Group A: High-GDP / Developed,-6249697.675,133406.7555
Lao PDR,2018,,6.247960008,17353425.8,,2.040392669,1.55377802,,Group A: High-GDP / Developed,-6942061.091,1446357.335
Lao PDR,2019,,5.457735092,18023426.43,,3.322558813,1.525763046,,Group A: High-GDP / Developed,-7217114.564,1574231.138
Lao PDR,2020,,0.503031829,17845586.47,,5.10407263,1.493386752,,Group A: High-GDP / Developed,-7238924.014,1336981.071
Lao PDR,2021,,2.528351005,18034944.31,,3.755620367,1.441416409,,Group A: High-GDP / Developed,-7310098.362,1281239.059
Lao PDR,2022,,2.707426526,18263934.1,,22.95622251,1.409716701,1.209,Group A: High-GDP / Developed,-6886858.819,-166500.2765
Lao PDR,2023,,3.745681402,18686043,,31.23013417,1.392376672,,Group A: High-GDP / Developed,-6392214.017,882366.0844
Lao PDR,2024,,4.258257247,19218906.13,,23.13056959,1.35832703,,Group C: Emerging / High-growth,3585130.998,4040413.902
"Macao SAR, China",2015,78.50673324,-21.51429324,639646.9124,39.9916043,4.56056338,3.353152987,1.81,Group C: Emerging / High-growth,440914.9631,-1137822.969
"Macao SAR, China",2016,76.64148702,-0.679183618,625955.5556,35.54298115,2.368957497,1.482194805,1.939,Group C: Emerging / High-growth,1081350.054,675115.4302
"Macao SAR, China",2017,80.53419918,9.860051514,692023.4423,34.39157626,1.228124041,-0.630334934,1.981,Group C: Emerging / High-growth,1172851.002,623239.2086
"Macao SAR, China",2018,82.66996164,6.405279157,724615.2679,33.19551901,3.004462932,1.606398806,1.803,Group C: Emerging / High-growth,1231559.408,596501.9317
"Macao SAR, China",2019,82.70639313,-2.56341515,692276.7857,31.99667072,2.751930811,1.96865626,1.73,Group C: Emerging / High-growth,1287587.726,648492.1449
"Macao SAR, China",2020,61.46806209,-54.33610627,309940.1809,60.03230092,0.811410511,1.974426892,2.542,Group C: Emerging / High-growth,1378257.389,695846.2159
"Macao SAR, China",2021,90.93842518,23.53589132,384514.2857,76.75032066,0.026454365,-0.424008238,,Group C: Emerging / High-growth,1473823.59,909300.0026
"Macao SAR, China",2022,84.39017374,-19.60934493,311486.7858,83.69084876,1.045028024,-0.764822084,,Group C: Emerging / High-growth,1587676.542,971177.8557
"Macao SAR, China",2023,91.35835897,75.06185714,544089.5698,50.65172421,0.476384496,0.221222714,,Group C: Emerging / High-growth,1532843.162,1056216.129
"Macao SAR, China",2024,89.75215341,8.808159685,584947.5983,45.36911687,,1.200775886,,Group B: Transitional / Mixed,-830434.9442,-1828208.057
Malaysia,2015,69.4486909,5.091532422,37682.86104,61.92138155,2.104389802,1.733194456,3.1,Group C: Emerging / High-growth,458518.9928,-1361195.143
Malaysia,2016,66.77544545,4.449781398,38670.16918,60.12356457,2.090566595,1.767310548,3.44,Group C: Emerging / High-growth,1281477.169,730215.2728
Malaysia,2017,70.01174251,5.81272241,40202.22932,63.14343086,3.871201158,1.76466064,3.41,Group C: Emerging / High-growth,1422785.808,663680.3906
Malaysia,2018,68.55497142,4.843086976,41438.05301,61.84765408,0.884709161,1.701747319,3.3,Group C: Emerging / High-growth,1497537.247,624069.0694
Malaysia,2019,65.27776684,4.413187421,42581.53659,57.75079519,0.662891866,1.596466533,3.26,Group C: Emerging / High-growth,1543166.17,671342.873
Malaysia,2020,61.57793591,-5.456846584,39724.59859,55.21024653,-1.138702154,1.333633231,4.54,Group C: Emerging / High-growth,1479386.016,712662.808
Malaysia,2021,70.63305555,3.315349544,40571.31331,63.40293914,2.477102415,1.152513044,4.64,Group C: Emerging / High-growth,1450749.201,760835.4895
Malaysia,2022,76.85018864,8.861821876,43640.81041,69.65522964,3.378698625,1.197772001,3.93,Group C: Emerging / High-growth,1510210.27,866743.8331
Malaysia,2023,68.58190098,3.555487154,44638.19287,63.4824063,2.488865601,1.234028692,,Group C: Emerging / High-growth,1683529.031,1047213.768
Malaysia,2024,71.3546178,5.114155478,46351.82727,66.0117234,1.834100204,1.22058891,,Group B: Transitional / Mixed,-670961.5663,-1733626.487
Marshall Islands,2015,44.24218835,1.885745979,3764.344262,94.24763201,,-2.020434666,,Group C: Emerging / High-growth,559610.5913,-1628593.56
Marshall Islands,2016,36.49331021,2.504082744,3946.844411,79.83305253,,-2.261025352,,Group C: Emerging / High-growth,1525909.625,880118.1726
Marshall Islands,2017,39.1129153,3.558151885,4190.934686,86.03233505,,-2.504428523,,Group C: Emerging / High-growth,1741982.266,828602.1886
Marshall Islands,2018,39.72577273,5.487179487,4542.342939,88.7565,,-2.709992229,,Group C: Emerging / High-growth,1802726.174,780416.1498
Marshall Islands,2019,37.06187205,10.45211473,5162.815007,115.9458566,,-2.862713965,6.342,Group C: Emerging / High-growth,1710898.164,743311.9102
Marshall Islands,2020,35.48846154,-2.772887324,5172.575282,72.33751034,,-3.000928659,,Group C: Emerging / High-growth,1780743.45,873073.4292
Marshall Islands,2021,46.39497876,1.222272522,5405.274736,71.22734647,,-3.185596406,9.823,Group C: Emerging / High-growth,1616114.583,837756.9121
Marshall Islands,2022,40.81764009,-1.118067979,5516.880006,78.01767956,,-3.168085785,,Group C: Emerging / High-growth,1850668.522,1066784.572
Marshall Islands,2023,38.92244504,-3.934871099,5470.420069,71.24978789,,-3.168672277,,Group C: Emerging / High-growth,1875983.14,1166433.682
Marshall Islands,2024,,2.770968022,5813.506341,,,-3.349576643,,Group B: Transitional / Mixed,-823331.8033,-2164593.402
"Micronesia, Fed. Sts.",2015,27.06500271,4.621884004,2224.41315,78.23146963,-0.298115837,0.294778945,,Group C: Emerging / High-growth,501456.0598,-1479179.788
"Micronesia, Fed. Sts.",2016,28.2724,0.484101802,2227.824891,74.61227692,-1.037468064,0.32967416,,Group C: Emerging / High-growth,1388965.537,797353.918
"Micronesia, Fed. Sts.",2017,30.6008078,0.823045267,2237.831222,72.58091922,0.582253735,0.371529921,,Group C: Emerging / High-growth,1572232.24,735127.3997
"Micronesia, Fed. Sts.",2018,36.37357143,0,2229.116815,67.03321429,1.498400236,0.390173247,,Group C: Emerging / High-growth,1620995.96,691037.1613
"Micronesia, Fed. Sts.",2019,26.79413706,4.081632653,2312.25404,69.05525381,1.923851708,0.338797096,,Group C: Emerging / High-growth,1672510.193,741288.1189
"Micronesia, Fed. Sts.",2020,17.2494599,-1.672954171,2260.575272,68.06035644,0.554594631,0.573243642,,Group C: Emerging / High-growth,1599299.726,780439.8585
"Micronesia, Fed. Sts.",2021,20.01828658,3.099704573,2315.863785,67.22982407,3.191284066,0.636292252,,Group C: Emerging / High-growth,1572364.821,844893.8408
"Micronesia, Fed. Sts.",2022,21.74886407,-2.905865806,2238.740409,65.95245862,5.408743755,0.438013018,,Group C: Emerging / High-growth,1666865.241,948822.2869
"Micronesia, Fed. Sts.",2023,28.33609925,0.482147762,2239.228491,69.98370244,,0.459189929,,Group C: Emerging / High-growth,1876594.908,1166531.544
"Micronesia, Fed. Sts.",2024,27.46989928,0.719083512,2244.767272,69.13081216,,0.469463637,,Group B: Transitional / Mixed,-763915.7416,-1926040.49
Mongolia,2015,44.18405023,2.379835807,7563861.769,45.46961324,5.735682819,2.128669517,4.861,Group B: Transitional / Mixed,-403318.8383,1366694.085
Mongolia,2016,50.87219406,1.489784487,7522482.04,50.18304317,0.733272227,2.027369576,7.235,Group B: Transitional / Mixed,-1207354.019,-585823.7819
Mongolia,2017,59.16667927,5.636876387,7794946.867,56.7662226,4.301431053,1.925778838,6.359,Group B: Transitional / Mixed,-1439507.265,-310802.2858
Mongolia,2018,58.16478228,7.74488062,8243489.169,68.19109096,6.824247901,1.864801928,5.377,Group B: Transitional / Mixed,-1632464.793,-187301.401
Mongolia,2019,59.21723318,5.602244221,8546840.026,65.17928144,7.301069536,1.837150731,9.024,Group B: Transitional / Mixed,-1670815.748,-194761.5677
Mongolia,2020,57.66034973,-4.557751976,8011344.278,55.1782979,3.796040261,1.805420087,6.413,Group B: Transitional / Mixed,-1498416.804,-186158.8895
Mongolia,2021,58.54886395,1.636769577,8006423.607,60.54921448,7.352812434,1.684959051,7.871,Group B: Transitional / Mixed,-1458883.896,-261186.9439
Mongolia,2022,65.06135116,5.032709637,8286894.845,71.26657879,15.14795609,1.46704738,5.954,Group B: Transitional / Mixed,-1478513.172,-256403.983
Mongolia,2023,76.25711713,7.422112762,8780754.277,66.60712947,10.34758313,1.370888669,5.178,Group B: Transitional / Mixed,-1211395.46,-538086.37
Mongolia,2024,69.13826544,4.864001434,9093841.105,69.75319765,6.802848993,1.245902995,,Group C: Emerging / High-growth,464658.4366,1042620.319
Myanmar,2015,,6.99284029,1423193.161,,9.454171895,0.800670953,0.766,Group C: Emerging / High-growth,1087449.347,-1322829.189
Myanmar,2016,,5.862472915,1494730.266,,6.928825258,0.792792539,,Group C: Emerging / High-growth,1757322.76,1457222.82
Myanmar,2017,,6.136108244,1574243.55,,4.572536553,0.772302033,1.356,Group C: Emerging / High-growth,1129852.507,1307874.158
Myanmar,2018,,6.268862215,1660855.241,,6.872328657,0.724432843,0.767,Group C: Emerging / High-growth,1223377.651,1348722.06
Myanmar,2019,,6.579110068,1757734.501,,8.825066968,0.702425163,0.407,Group C: Emerging / High-growth,1246481.58,1425028.013
Myanmar,2020,,-9.04834718,1587356.235,,,0.711376906,1.476,Group C: Emerging / High-growth,1902062.45,1637274.664
Myanmar,2021,,-12.01637248,1386919.176,,,0.696558039,,Group C: Emerging / High-growth,2397884.486,1682726.814
Myanmar,2022,,4.037493436,1432993.025,,,0.690074759,,Group C: Emerging / High-growth,2487089.497,1864206.911
Myanmar,2023,,0.958446625,1436651.867,,,0.698879396,,Group C: Emerging / High-growth,2478616.691,1876839.715
Myanmar,2024,,-0.972046414,1413125.12,,,0.674364863,,Group B: Transitional / Mixed,-526810.4857,-2443885.861
Nauru,2015,71.97577699,2.698017274,10041.92996,129.1620108,,1.954339488,,Group C: Emerging / High-growth,559129.5424,-1626546.387
Nauru,2016,72.58594433,4.363240539,10295.85963,98.02844028,,1.773481154,,Group C: Emerging / High-growth,1524039.311,879378.2288
Nauru,2017,60.27191807,-6.011229987,9528.259701,82.44089943,,1.548486934,,Group C: Emerging / High-growth,1740175.955,827966.2268
Nauru,2018,54.73579324,-1.219122015,9286.625811,85.96650302,,1.342066545,,Group C: Emerging / High-growth,1801076.926,779959.4163
Nauru,2019,60.53480406,8.486736592,9979.113603,95.73273044,,0.953874732,,Group C: Emerging / High-growth,1860052.031,832865.4844
Nauru,2020,43.63807997,1.981819494,10127.93329,91.5107281,,0.482136104,,Group C: Emerging / High-growth,1779077.409,872651.5072
Nauru,2021,30.79627477,7.206594666,10796.61028,79.92187047,,0.565263581,5.056,Group C: Emerging / High-growth,1614936.731,837806.682
Nauru,2022,53.87504279,2.951518346,11028.62009,113.6645269,,0.782649678,,Group C: Emerging / High-growth,1849090.424,1066264.31
Nauru,2023,43.43133103,0.646410335,11030.74027,100.4618995,,0.625107628,,Group C: Emerging / High-growth,1874828.127,1166060.529
Nauru,2024,39.47626214,1.760251622,11157.26082,118.7153348,,0.604485091,,Group B: Transitional / Mixed,-762533.5554,-1924610.768
New Caledonia,2015,18.06916629,,,41.97762981,0.570508141,0.688885628,,Group B: Transitional / Mixed,-5.364781542,14.41293084
New Caledonia,2016,19.26548639,,,38.76412976,0.578317436,0.090012025,,Group B: Transitional / Mixed,-12.34669044,-7.60828346
New Caledonia,2017,21.00779809,,3417727.635,37.92038453,,0.043388616,11.676,Group C: Emerging / High-growth,224208.8036,1515863.521
New Caledonia,2018,,3.995707282,3554352.704,,,-0.001763398,11.702,Group C: Emerging / High-growth,827668.3028,2323603.148
New Caledonia,2019,,-1.400000002,3503788.544,,,0.022921747,10.881,Group C: Emerging / High-growth,1006966.783,2369713.39
New Caledonia,2020,,-2.400000001,3412838.392,,,0.200781353,13.558,Group C: Emerging / High-growth,950965.8321,2364194.4
New Caledonia,2021,,-2.099999998,3329009.028,,,0.364601117,,Group C: Emerging / High-growth,2149619.223,2655583.211
New Caledonia,2022,,3.499999996,3422616.023,,,0.667091968,10.71,Group C: Emerging / High-growth,1000621.455,2559449.29
New Caledonia,2023,,,,,,0.952185124,,Group B: Transitional / Mixed,-0.494850111,-0.297246957
New Caledonia,2024,,,,,,0.950722086,,Group B: Transitional / Mixed,0.15504607,0.166365701
New Zealand,2015,27.93374783,3.690369084,62939.72448,26.9175839,0.292704628,2.036033909,5.415,Group C: Emerging / High-growth,457269.2433,-1352640.957
New Zealand,2016,26.61137432,3.779110684,63867.56942,25.79487349,0.646240284,2.2460321,5.147,Group C: Emerging / High-growth,1273762.18,727705.5901
New Zealand,2017,27.56344166,3.378732195,64660.69719,26.57985538,1.850787675,2.088722723,4.736,Group C: Emerging / High-growth,1413877.702,661295.6609
New Zealand,2018,27.86561523,3.470582039,65717.04363,27.90086626,1.598297038,1.791240168,4.335,Group C: Emerging / High-growth,1488954.777,622396.2339
New Zealand,2019,27.32983419,2.31747144,66178.58873,27.12446299,1.619631902,1.591158896,4.109,Group C: Emerging / High-growth,1534141.898,668940.1248
New Zealand,2020,21.69714828,-0.307246896,64536.56045,22.280094,1.7145617,2.204788696,4.595,Group C: Emerging / High-growth,1470275.899,710400.3319
New Zealand,2021,22.30988598,4.535405657,67185.0584,26.23136178,3.941120608,0.413665247,3.776,Group C: Emerging / High-growth,1442116.475,759632.247
New Zealand,2022,24.04738732,3.496386865,69455.29421,29.42877545,7.17222476,0.113409734,3.297,Group C: Emerging / High-growth,1502426.777,865525.3303
New Zealand,2023,23.71501174,1.394251816,68706.38551,26.69141994,5.73316283,2.468736952,3.731,Group C: Emerging / High-growth,1570076.821,949762.655
New Zealand,2024,,-0.126462419,67417.67645,,2.922797823,1.766947279,,Group B: Transitional / Mixed,-707622.6469,-1963544.19
Northern Mariana Islands,2015,52.96703297,3.383458647,16015.06387,69.78021978,,-1.280733473,,Group C: Emerging / High-growth,558809.9573,-1624884.215
Northern Mariana Islands,2016,71.70731707,29.21212121,20995.41095,81.13821138,,-1.448889816,,Group C: Emerging / High-growth,1521540.989,878620.9536
Northern Mariana Islands,2017,69.29487179,23.17073171,26281.55087,62.11538462,,-1.616204818,,Group C: Emerging / High-growth,1735703.419,826826.2333
Northern Mariana Islands,2018,50.73020753,-19.49733435,21537.5838,58.03228286,,-1.781217576,,Group C: Emerging / High-growth,1797666.731,779269.8126
Northern Mariana Islands,2019,42.49363868,-11.4474929,19447.73421,62.25614928,,-1.950558724,,Group C: Emerging / High-growth,1857641.507,832410.7438
Northern Mariana Islands,2020,14.78060046,-29.05982906,13970.712,64.20323326,,-1.256589498,,Group C: Emerging / High-growth,1777994.863,872434.0314
Northern Mariana Islands,2021,6.01750547,4.969879518,14836.41627,72.86652079,,-1.16183177,,Group C: Emerging / High-growth,1749397.459,943108.3368
Northern Mariana Islands,2022,22.26277372,16.64275466,17643.99497,70.89416058,,-1.936508068,,Group C: Emerging / High-growth,1847708.261,1066051.728
Northern Mariana Islands,2023,,,,,,-2.050038358,,Group B: Transitional / Mixed,-1.499022557,-1.100073922
Northern Mariana Islands,2024,,,,,,-1.934728938,,Group B: Transitional / Mixed,0.560606677,1.621826264
Palau,2015,53.14086121,8.19997983,16422.35791,78.09036355,0.949040644,0.309990385,,Group C: Emerging / High-growth,501408.1549,-1475468.088
Palau,2016,49.18834755,-0.439989268,16325.2964,78.2189804,-1.042305334,0.15182616,,Group C: Emerging / High-growth,1385713.579,796328.1533
Palau,2017,46.36165966,-3.260018455,15779.78891,81.56158964,1.417988197,0.084248369,,Group C: Emerging / High-growth,1568097.182,734287.2758
Palau,2018,41.97049139,0.11000834,15795.37442,74.91702372,2.109704641,0.011227755,,Group C: Emerging / High-growth,1616848.033,690564.5197
Palau,2019,37.90309766,0.200015069,15841.19564,77.14555071,0.267379679,-0.089857358,,Group C: Emerging / High-growth,1668597.53,740952.5305
Palau,2020,23.52925278,-5.999433925,14895.83521,83.71231719,0.218181818,-0.033717337,0.765,Group C: Emerging / High-growth,1488102.302,714828.1492
Palau,2021,6.770733255,-13.79389322,12847.61851,73.95909022,2.612481858,-0.050597331,,Group C: Emerging / High-growth,1569984.416,844855.0413
Palau,2022,13.46322309,-1.318427167,12695.36573,74.27433897,12.35266384,-0.135051509,,Group C: Emerging / High-growth,1664347.305,949019.9946
Palau,2023,,1.877031984,12957.00908,,12.81997482,-0.180352864,,Group C: Emerging / High-growth,2028916.94,1323208.664
Palau,2024,,,,,2.231727729,-0.180678723,,Group B: Transitional / Mixed,-0.190842679,0.13443157
Papua New Guinea,2015,,6.578356323,6604.984007,,5.995957781,2.546138405,,Group C: Emerging / High-growth,640095.9374,-1827642.175
Papua New Guinea,2016,,5.489573153,6797.71151,,6.673728814,2.468043308,,Group C: Emerging / High-growth,1720002.309,992512.863
Papua New Guinea,2017,,3.534610818,6871.597622,,5.42204568,2.3925158,,Group C: Emerging / High-growth,1898104.729,940188.8307
Papua New Guinea,2018,,-0.279252285,6695.003573,,4.374489215,2.323868777,,Group C: Emerging / High-growth,1949268.037,916190.965
Papua New Guinea,2019,,4.480514569,6838.828964,,3.928672909,2.257540455,,Group C: Emerging / High-growth,2013554.359,976248.7299
Papua New Guinea,2020,,-3.167432044,6482.738826,,4.871673986,2.128663097,,Group C: Emerging / High-growth,1931748.127,1008182.227
Papua New Guinea,2021,,-0.511353419,6322.599236,,4.48359014,1.988603122,,Group C: Emerging / High-growth,1897449.612,1081911.528
Papua New Guinea,2022,,5.707584042,6558.830791,,5.253239222,1.882449614,2.689,Group C: Emerging / High-growth,1791080.954,1066231.905
Papua New Guinea,2023,,3.810886229,6686.581078,,2.298699913,1.811031625,,Group C: Emerging / High-growth,2030476.897,1323851.566
Papua New Guinea,2024,,4.095029002,6837.421295,,0.602403921,1.782607338,,Group B: Transitional / Mixed,-717947.6541,-1974083.293
Philippines,2015,27.20805724,6.348309717,142346.2307,31.93353487,0.674192537,1.478753843,3.068,Group C: Emerging / High-growth,453060.9286,-1324167.628
Philippines,2016,26.67300334,7.14945675,150490.1644,35.10306242,1.253698801,1.341907095,2.695,Group C: Emerging / High-growth,1245639.987,718346.8882
Philippines,2017,29.55229085,6.930988326,158860.7737,38.61607889,2.853187726,1.288301867,2.552,Group C: Emerging / High-growth,1379488.918,652894.4317
Philippines,2018,30.21360537,6.341485572,166858.2868,41.94979293,5.309346616,1.236860333,2.338,Group C: Emerging / High-growth,1451625.553,615055.8766
Philippines,2019,28.38292001,6.118525662,174927.1789,40.45892225,2.392065344,1.216155346,2.237,Group C: Emerging / High-growth,1492104.158,659678.6101
Philippines,2020,25.20283931,-9.51829474,156474.3531,32.96672099,2.393162393,1.145514086,2.522,Group C: Emerging / High-growth,1436142.939,703384.0534
Philippines,2021,25.75203492,5.714733132,163925.0972,37.7325749,3.927180221,0.905660311,3.398,Group C: Emerging / High-growth,1410743.122,756744.2315
Philippines,2022,28.38740155,7.580982128,175016.194,44.04228206,5.821158112,0.760479216,2.598,Group C: Emerging / High-growth,1468864.267,859750.2991
Philippines,2023,26.63684935,5.518949679,183185.4203,40.78311997,5.978025155,0.810000999,,Group C: Emerging / High-growth,1649981.246,1037273.243
Philippines,2024,25.77344115,5.692016128,192020.4758,40.11203137,3.21260487,0.825602489,,Group B: Transitional / Mixed,-657201.7983,-1698525.764
Samoa,2015,27.14094673,3.850361817,9550.330059,47.49340828,0.724470135,0.868555728,,Group C: Emerging / High-growth,501650.8963,-1477498.436
Samoa,2016,28.77802032,7.983862878,10225.80209,46.43379715,1.304718693,0.847318415,,Group C: Emerging / High-growth,1387217.853,796834.9071
Samoa,2017,29.66227547,1.4062824,10272.88367,44.34880529,1.749896775,0.93712322,9.4,Group C: Emerging / High-growth,1432549.934,665829.0111
Samoa,2018,31.9656782,-0.609647103,10103.66795,46.96929023,4.197458887,1.049411926,,Group C: Emerging / High-growth,1618742.476,690928.3103
Samoa,2019,35.03333014,4.451858917,10442.89351,48.29774944,0.98232657,1.05329202,,Group C: Emerging / High-growth,1670391.971,741285.2932
Samoa,2020,29.19595987,-3.108444011,10014.97188,48.28764013,-1.568912477,1.02627263,,Group C: Emerging / High-growth,1597419.017,780436.9288
Samoa,2021,11.68569005,-7.078830943,9226.149435,49.20319561,3.133204732,0.862068229,,Group C: Emerging / High-growth,1570903.186,844881.1147
Samoa,2022,12.26638262,-5.3062909,8676.434654,52.71679771,10.96188223,0.690847424,5.048,Group C: Emerging / High-growth,1519750.468,867430.0427
Samoa,2023,28.75379959,9.20864924,9414.102813,61.90368097,7.921646848,0.649190563,,Group C: Emerging / High-growth,1693283.491,1052574.552
Samoa,2024,29.31550877,9.422350442,10237.06322,53.81615409,2.172455305,0.623906395,,Group B: Transitional / Mixed,-674372.3393,-1741272.61
Singapore,2015,178.3846085,2.976799316,76502.97145,151.0867904,-0.521975612,1.186376937,3.79,Group C: Emerging / High-growth,456483.6846,-1347770.633
Singapore,2016,164.5506642,3.747578488,78346.85711,138.2889918,-0.52980976,1.297436099,4.08,Group C: Emerging / High-growth,1269075.537,726062.6809
Singapore,2017,171.7416255,4.476899158,81781.87975,145.0527838,0.576763191,0.08859547,4.2,Group C: Emerging / High-growth,1407637.692,659676.216
Singapore,2018,178.1982514,3.451975966,84208.50923,148.3983359,0.438784215,0.469704299,,Group C: Emerging / High-growth,1593289.305,686259.7574
Singapore,2019,176.8913,1.308041182,84339.36716,147.5036851,0.567829988,1.144283307,3.1,Group C: Emerging / High-growth,1527169.868,667191.9601
Singapore,2020,181.7820245,-3.814708855,81375.48461,150.258781,-0.172111866,-0.311904961,4.1,Group C: Emerging / High-growth,1464065.678,708959.2587
Singapore,2021,182.7108066,9.756804463,93118.631,146.4505771,2.316103158,-4.1703363,4.64,Group C: Emerging / High-growth,1433702.19,758647.7862
Singapore,2022,186.1142908,4.108000219,93788.91904,146.235277,6.130954189,3.308620524,3.591,Group C: Emerging / High-growth,1494876.58,864239.9889
Singapore,2023,181.5613224,1.821406941,90968.5402,144.1319016,4.833723628,4.858316078,3.444,Group C: Emerging / High-growth,1564472.27,947483.1581
Singapore,2024,178.7762868,4.388023625,93085.04752,143.5951411,2.389511236,1.994493656,,Group B: Transitional / Mixed,-666603.4185,-1722714.69
Solomon Islands,2015,40.36052049,1.676146156,14761.61804,47.827893,-0.574469286,3.583379165,,Group C: Emerging / High-growth,501485.8399,-1475983.922
Solomon Islands,2016,39.72857612,5.554731534,15041.38869,45.82102076,0.512485626,3.528420383,,Group C: Emerging / High-growth,1386037.841,796440.2033
Solomon Islands,2017,38.67918018,3.075348034,14977.27777,43.51839073,0.48868676,3.45614796,,Group C: Emerging / High-growth,1568366.848,734364.9326
Solomon Islands,2018,42.12623861,2.745995423,14880.10876,46.36844113,3.46147485,3.359859127,,Group C: Emerging / High-growth,1617159.905,690629.0241
Solomon Islands,2019,36.49690192,1.748566555,14744.27554,46.5014357,1.63485544,2.650498034,,Group C: Emerging / High-growth,1668970.223,741025.9701
Solomon Islands,2020,27.93849568,-3.381147541,13932.87826,32.28184196,2.963549921,2.220721486,,Group C: Emerging / High-growth,1596228.028,780212.9002
Solomon Islands,2021,27.17489083,2.564349754,13951.1219,39.46451645,-0.115437894,2.401167987,,Group C: Emerging / High-growth,1569670.838,844834.9497
Solomon Islands,2022,26.28674312,2.402481436,13948.37312,51.74918784,5.518129286,2.393780769,,Group C: Emerging / High-growth,1663996.083,948959.5915
Solomon Islands,2023,,2.656361867,13979.91263,,5.88585897,2.395832434,,Group C: Emerging / High-growth,2028716.144,1323172.315
Solomon Islands,2024,,2.539341917,13999.05761,,,2.370783523,,Group B: Transitional / Mixed,-821913.0574,-2162629.586
Thailand,2015,67.63669027,3.134047249,134977.5828,57.20297188,-0.900424963,0.460976294,0.597,Group C: Emerging / High-growth,453413.9608,-1326806.5
Thailand,2016,67.07088397,3.435157717,138985.6633,53.50434332,0.188149704,0.451266063,0.688,Group C: Emerging / High-growth,1249385.709,719530.4297
Thailand,2017,66.67283247,4.177681032,144180.9168,54.21859497,0.665631893,0.42296351,0.83,Group C: Emerging / High-growth,1384857.759,654121.6471
Thailand,2018,64.8380969,4.222870287,149814.9681,56.00376783,1.063897542,0.302929452,0.766,Group C: Emerging / High-growth,1457983.235,616217.1455
Thailand,2019,59.51889062,2.114557796,152670.1942,50.17062409,0.706728601,0.204609852,0.716,Group C: Emerging / High-growth,1500759.229,661345.4874
Thailand,2020,51.49442661,-6.050038469,143194.912,46.30631664,-0.845937147,0.166540795,1.099,Group C: Emerging / High-growth,1441104.41,704272.9536
Thailand,2021,58.55938918,1.552166084,145243.4896,58.69355544,1.230395413,0.119758275,1.215,Group C: Emerging / High-growth,1416797.286,757145.4093
Thailand,2022,65.37276419,2.580378747,148974.7123,67.48594789,-1.610680305,0.011148545,0.94,Group C: Emerging / High-growth,1477204.926,861110.1927
Thailand,2023,65.44456294,2.017750953,152050.3732,63.37955121,8.478051744,-0.045865189,0.733,Group C: Emerging / High-growth,1548301.883,940670.0223
Thailand,2024,70.06388855,2.525961758,155965.986,66.71085654,1.365805408,-0.048021055,,Group B: Transitional / Mixed,-660700.6466,-1707287.505
Timor-Leste,2015,3.050307291,2.480040402,1319.593057,57.02661364,0.552796026,1.946242341,3.678,Group C: Emerging / High-growth,458129.3341,-1369845.322
Timor-Leste,2016,3.156422882,3.009930626,1333.658631,57.15419888,-1.338538762,1.905259439,4.657,Group C: Emerging / High-growth,1289976.883,730838.6581
Timor-Leste,2017,2.409011316,-3.182415225,1267.086681,56.22573946,0.557215537,1.886415497,,Group C: Emerging / High-growth,1572469.962,735112.3687
Timor-Leste,2018,2.931531733,0.000114755,1243.00077,61.88765079,2.63647201,1.919302866,,Group C: Emerging / High-growth,1621235.028,690993.1212
Timor-Leste,2019,21.21431785,23.41201358,1504.54998,49.39992658,0.95881274,1.939287072,,Group C: Emerging / High-growth,1672701.862,741277.6906
Timor-Leste,2020,36.66621405,31.96191857,1947.840064,48.08409545,0.495499215,1.911593734,,Group C: Emerging / High-growth,1599369.89,780433.0225
Timor-Leste,2021,63.51514688,5.315538537,2014.782394,36.35227604,3.697920947,1.800068931,2.344,Group C: Emerging / High-growth,1460980.184,760303.424
Timor-Leste,2022,55.61205344,-20.54158475,1578.517883,42.00986811,7.005309454,1.408845874,1.537,Group C: Emerging / High-growth,1520346.711,866150.3151
Timor-Leste,2023,22.92548793,-18.12479096,1278.418727,66.37510343,8.420351033,1.08884744,,Group C: Emerging / High-growth,1694841.589,1052806.299
Timor-Leste,2024,,-2.189121556,1235.834187,,2.06284153,1.174336386,,Group B: Transitional / Mixed,-718310.4344,-1975321.959
Tonga,2015,16.94011259,1.113744024,8711.535888,64.41405285,-1.05399832,-0.483301678,,Group C: Emerging / High-growth,501656.2704,-1477716.523
Tonga,2016,21.66220286,6.598698794,9336.633373,63.22905096,2.578155152,-0.539650396,1.054,Group C: Emerging / High-growth,1289011.651,731758.5864
Tonga,2017,22.17613598,3.202319762,9650.987129,65.8673566,7.517062836,-0.159332355,,Group C: Emerging / High-growth,1570126.764,734854.1484
Tonga,2018,21.37671376,0.687546507,9697.919804,66.0735982,5.03209692,0.200073079,2.248,Group C: Emerging / High-growth,1507639.744,625490.0594
Tonga,2019,22.76566941,-0.208433391,9668.364421,67.5491037,1.179543348,0.096574455,,Group C: Emerging / High-growth,1670630.367,741318.7747
Tonga,2020,20.09042254,1.783395899,9837.531219,63.3675698,-0.349737697,0.033116813,,Group C: Emerging / High-growth,1597468.014,780443.5371
Tonga,2021,11.08253986,0.362604273,9893.231586,55.0917534,5.640511406,-0.202657342,2.111,Group C: Emerging / High-growth,1459971.767,761678.7547
Tonga,2022,11.55963934,-2.309864445,9705.930961,63.75558965,10.97136529,-0.425589151,,Group C: Emerging / High-growth,1665128.93,949090.9633
Tonga,2023,18.75070716,2.084155836,9950.371448,75.38644329,6.351129803,-0.424539965,,Group C: Emerging / High-growth,1693161.393,1052525.426
Tonga,2024,,,,,3.183646113,-0.404269322,,Group B: Transitional / Mixed,-0.102237978,0.455918365
Tuvalu,2015,,10.41666667,4834.443127,,,-0.191370177,,Group C: Emerging / High-growth,759124.7574,-2112194.663
Tuvalu,2016,,5.660377358,5123.513266,,,-0.30146645,8.489,Group C: Emerging / High-growth,1754694.488,1000891.488
Tuvalu,2017,,2.448392857,5278.415678,,,-0.559660161,26.553,Group C: Emerging / High-growth,1886522.155,947299.977
Tuvalu,2018,,1.387283842,5410.38043,,,-1.091592708,,Group C: Emerging / High-growth,2254344.313,1104826.895
Tuvalu,2019,,13.82209844,6257.149608,,,-1.593883358,,Group C: Emerging / High-growth,2330472.647,1175766.629
Tuvalu,2020,,-4.274932069,6094.489855,,,-1.735029224,,Group C: Emerging / High-growth,2248566.383,1213421.717
Tuvalu,2021,,1.804135911,6329.213263,,,-1.991033576,,Group C: Emerging / High-growth,2211732.471,1278365.773
Tuvalu,2022,,0.677309361,6500.900721,,,-2.001453909,7.318,Group C: Emerging / High-growth,2018542.565,1222956.539
Tuvalu,2023,,3.852809195,6872.419445,,,-1.777106541,,Group C: Emerging / High-growth,2348471.1,1550103.545
Tuvalu,2024,,,,,,-1.747038576,,Group B: Transitional / Mixed,0.523014564,1.502511872
Vanuatu,2015,44.28730163,3.965919464,231115.2532,64.47136404,2.483268757,2.22716538,,Group C: Emerging / High-growth,515514.4665,-1414282.926
Vanuatu,2016,47.44237756,3.471544715,233877.3995,58.9095577,0.842069084,2.224593213,,Group C: Emerging / High-growth,1328376.668,807209.9761
Vanuatu,2017,47.66090191,4.412665986,238568.5099,57.8656718,3.084526244,2.332132561,,Group C: Emerging / High-growth,1506083.696,733881.0619
Vanuatu,2018,56.61053279,2.900230273,239676.9252,54.06912703,2.330963796,2.395434581,,Group C: Emerging / High-growth,1547402.486,700685.0965
Vanuatu,2019,50.34527687,3.241187655,241745.2951,49.03769195,2.762520194,2.330489157,5.445,Group C: Emerging / High-growth,1465994.711,655336.1586
Vanuatu,2020,18.47344395,-4.992491429,224394.1939,51.44145089,5.329350731,2.326611311,4.046,Group C: Emerging / High-growth,1410634.781,699447.1426
Vanuatu,2021,9.242759621,-1.552294891,215848.0129,48.75839363,2.343283582,2.318509214,,Group C: Emerging / High-growth,1519557.338,864755.1745
Vanuatu,2022,9.648414501,5.186228624,221836.4074,55.45546303,6.679305819,2.319650826,,Group C: Emerging / High-growth,1610363.884,952767.1494
Vanuatu,2023,,-0.964792282,214647.5286,,11.18250171,2.324816009,,Group C: Emerging / High-growth,2012509.232,1348994.793
Vanuatu,2024,,3.967258306,218146.7336,,,2.273519443,,Group B: Transitional / Mixed,-805101.721,-2175186.727
Viet Nam,2015,72.92285184,6.987154306,39826504.14,71.99137636,0.631200905,1.239754031,1.849,Group A: High-GDP / Developed,-5237798.728,12864635.01
Viet Nam,2016,74.10728626,6.690008927,41958923.09,71.30222172,2.66824817,1.259883665,1.848,Group A: High-GDP / Developed,-12086327.4,-8173056.706
Viet Nam,2017,81.76252184,6.940190374,44316124.48,79.21756182,3.520256888,1.244204736,1.874,Group A: High-GDP / Developed,-12872313.46,-9363649.113
Viet Nam,2018,84.42345608,7.465006856,47099601.77,80.24048069,3.539628059,1.107913952,1.161,Group A: High-GDP / Developed,-13547602.76,-10601674.07
Viet Nam,2019,85.15758741,7.359262701,50078486.2,79.54662762,2.795823675,0.968366699,1.681,Group A: High-GDP / Developed,-14151000.92,-11388105.11
Viet Nam,2020,84.38159801,2.865413209,51037897.02,78.86426481,3.220934367,0.927434296,2.103,Group A: High-GDP / Developed,-14156303.22,-12160174.04
Viet Nam,2021,93.85020713,2.553728526,51888451.76,92.82562571,1.834715548,0.868883561,2.385,Group A: High-GDP / Developed,-14405281.78,-12618564.04
Viet Nam,2022,93.42012904,8.537500468,55897197.41,89.7334901,3.1565075,0.750756665,1.523,Group A: High-GDP / Developed,-15456397.11,-13550943.13
Viet Nam,2023,86.46741924,5.065023915,58335404.97,78.35065203,3.252892827,0.671429251,1.645,Group A: High-GDP / Developed,-14719706.17,-12878026.47
Viet Nam,2024,,7.091187466,62078954.42,,3.621092739,0.631267006,,Group C: Emerging / High-growth,7262314.631,20503131.17
